{
    "train_loss": [
        0.0034887100919149816,
        0.0034510723722632974
    ],
    "val_loss": [
        0.0036082920476993813,
        0.0035862520411943217
    ],
    "test_loss": [],
    "train_mae": [
        0.007510623498819769,
        0.007324945123400539
    ],
    "val_mae": [
        0.005859640988221925,
        0.005742616065877623
    ],
    "test_mae": [],
    "learning_rates": [
        0.001,
        0.001
    ]
}