{
    "train_loss": [
        0.2905761929494994,
        0.10898197548730033,
        0.07175055944493838,
        0.056109024211764336,
        0.046813494126711576,
        0.03983530029654503,
        0.03384090055312429,
        0.029139629565179348,
        0.02596175710537604,
        0.023569649750632898
    ],
    "val_loss": [
        0.03735274023243359,
        0.013386433345398732,
        0.007753834594041109,
        0.006880082555913499,
        0.006358755053952336,
        0.005669802809799356,
        0.005421298556029797,
        0.004682582636762943,
        0.004712759018210428,
        0.004523999273910054
    ],
    "test_loss": [],
    "train_mae": [
        0.3877123785870416,
        0.20637585009847367,
        0.15158339696271078,
        0.12454058762107577,
        0.10656322166323662,
        0.09186452627182007,
        0.07815256555165563,
        0.06647948202277933,
        0.058031049956168444,
        0.05114018038979599
    ],
    "val_mae": [
        0.10742781896676336,
        0.04581190885177681,
        0.023855962258364474,
        0.020449336219046797,
        0.01829682044418795,
        0.015317683972950493,
        0.014195900743028947,
        0.010684034654072352,
        0.010877062965716635,
        0.00986867950164846
    ],
    "test_mae": [],
    "learning_rates": [
        0.001,
        0.001,
        0.001,
        0.001,
        0.001,
        0.001,
        0.001,
        0.001,
        0.001,
        0.001
    ]
}